<?xml version="1.0" encoding="UTF-8"?>
<project-private xmlns="http://www.netbeans.org/ns/project-private/1">
    <editor-bookmarks xmlns="http://www.netbeans.org/ns/editor-bookmarks/2" lastBookmarkId="0"/>
    <open-files xmlns="http://www.netbeans.org/ns/projectui-open-files/2">
        <group>
            <file>file:/C:/Users/USUARIO/Documents/NetBeansProjects/Ruleta/Ruleta/src/ruleta/NodoDoble.java</file>
            <file>file:/C:/Users/USUARIO/Documents/NetBeansProjects/Ruleta/Ruleta/src/ruleta/InicioController.java</file>
            <file>file:/C:/Users/USUARIO/Documents/NetBeansProjects/Ruleta/Ruleta/src/ruleta/Registro.fxml</file>
            <file>file:/C:/Users/USUARIO/Documents/NetBeansProjects/Ruleta/Ruleta/src/ruleta/Juego.java</file>
            <file>file:/C:/Users/USUARIO/Documents/NetBeansProjects/Ruleta/Ruleta/src/ruleta/JuegoController.java</file>
            <file>file:/C:/Users/USUARIO/Documents/NetBeansProjects/Ruleta/Ruleta/nbproject/build-impl.xml</file>
            <file>file:/C:/Users/USUARIO/Documents/NetBeansProjects/Ruleta/Ruleta/src/ruleta/Juego.fxml</file>
            <file>file:/C:/Users/USUARIO/Documents/NetBeansProjects/Ruleta/Ruleta/src/ruleta/LDLC.java</file>
        </group>
    </open-files>
</project-private>
